,MODELTYPE,MILEAGE,COMPANY,FIRSTDAY,REPAIRDAY,CARNAME,PART,SEVERITY,HQ,PRICE
0,기본형,67219,FORD,20150101,20180507,포드,앞범퍼(스틸형)하단,교환,1.24,40920
0,기본형,67219,FORD,20150101,20180507,포드,앞범퍼,교환,3.01,99330
0,기본형,67219,FORD,20150101,20180507,포드,헤드램프(좌),탈착,0.42,13860
0,기본형,67219,FORD,20150101,20180507,포드,헤드램프(우),탈착,0.42,13860
0,기본형,67219,FORD,20150101,20180507,포드,앞패널,판금,2.5,82500
0,기본형,67219,FORD,20150101,20180507,포드,앞휀다(좌),판금,1.5,49500
0,기본형,67219,FORD,20150101,20180507,포드,앞사이드멤버(좌),판금,3.5,115500
0,기본형,67219,FORD,20150101,20180507,포드,앞사이드멤버(우),판금,3.5,115500
0,기본형,67219,FORD,20150101,20180507,포드,인터쿨러 ,교환,1.8,59400
0,기본형,67219,FORD,20150101,20180507,포드,앞범퍼(신품)수용성,도장,100.0,290000
0,기본형,67219,FORD,20150101,20180507,포드,앞휀다(좌)(보수)수용성,도장,100.0,307000
0,기본형,67219,FORD,20150101,20180507,포드,앞사이드멤버(좌)(보수),도장,100.0,127000
0,기본형,67219,FORD,20150101,20180507,포드,앞사이드멤버(우)(보수),도장,100.0,127000
0,520d,110718,BMW,20141119,20180512,BMW 5시리즈,뒤범퍼(단독작업),탈착,1.68,55440
0,520d,110718,BMW,20141119,20180512,BMW 5시리즈,뒤범퍼(단독작업),오버홀,2.24,73920
0,520d,110718,BMW,20141119,20180512,BMW 5시리즈,뒤범퍼(단독작업),수리,9.0,297000
0,520d,110718,BMW,20141119,20180512,BMW 5시리즈,"뒤범퍼 신품가 839,718",,1.0,0
0,520d,110718,BMW,20141119,20180512,BMW 5시리즈,컴비네이션램프(좌),탈착,0.35,11550
0,520d,110718,BMW,20141119,20180512,BMW 5시리즈,컴비네이션램프(우),탈착,0.35,11550
0,520d,110718,BMW,20141119,20180512,BMW 5시리즈,뒤범퍼 레일 그린수가 50%청구,판금,6.8,224400
0,520d,110718,BMW,20141119,20180512,BMW 5시리즈,"뒤범퍼 레일 신품가 449,460",,1.0,0
0,520d,110718,BMW,20141119,20180512,BMW 5시리즈,백패널,판금,1.5,49500
0,520d,110718,BMW,20141119,20180512,BMW 5시리즈,뒤범퍼(보수) 수용성,도장,100.0,388000
0,520d,110718,BMW,20141119,20180512,BMW 5시리즈,백패널(보수) 수용성,도장,100.0,254000
0,520d,110718,BMW,20141119,20180512,BMW 5시리즈,유리막 재시공,도장,,150000
0,기본형,14947,CITROEN,20170101,20180518,씨트로엥,앞범퍼,탈착,1.68,55440
0,기본형,14947,CITROEN,20170101,20180518,씨트로엥,앞휠하우스(우),판금,2.5,82500
0,기본형,14947,CITROEN,20170101,20180518,씨트로엥,앞범퍼,오버홀,2.24,73920
0,기본형,14947,CITROEN,20170101,20180518,씨트로엥,앞범퍼,수리,4.0,132000
0,기본형,14947,CITROEN,20170101,20180518,씨트로엥,라디에터그릴,탈착,0.42,13860
0,기본형,14947,CITROEN,20170101,20180518,씨트로엥,주차센서 및 배선,탈착,0.8,26400
0,기본형,14947,CITROEN,20170101,20180518,씨트로엥,앞패널,판금,2.5,82500
0,기본형,14947,CITROEN,20170101,20180518,씨트로엥,헤드램프(좌),탈착,0.42,13860
0,기본형,14947,CITROEN,20170101,20180518,씨트로엥,헤드램프(우),탈착,0.42,13860
0,기본형,14947,CITROEN,20170101,20180518,씨트로엥,헤드램프(우),수리,4.2,138600
0,기본형,14947,CITROEN,20170101,20180518,씨트로엥,본네트,판금,2.5,82500
0,기본형,14947,CITROEN,20170101,20180518,씨트로엥,앞휀다(우),판금,2.5,82500
0,기본형,14947,CITROEN,20170101,20180518,씨트로엥,프론트서스팬션ASS'Y(우),교환,3.15,103950
0,기본형,14947,CITROEN,20170101,20180518,씨트로엥,등속조인트고무(우),교환,0.98,32340
0,기본형,14947,CITROEN,20170101,20180518,씨트로엥,"프론트쇽업쇼버(킷트교환시,",오버홀,1.05,34650
0,기본형,14947,CITROEN,20170101,20180518,씨트로엥,"도어(앞우,자동문)(일체힌지",판금,1.5,49500
0,기본형,14947,CITROEN,20170101,20180518,씨트로엥,"도어(앞우,자동문)(일체힌지",오버홀,2.66,87780
0,기본형,14947,CITROEN,20170101,20180518,씨트로엥,허브(앞우),오버홀,1.05,34650
0,기본형,14947,CITROEN,20170101,20180518,씨트로엥,앞범퍼(보수),도장,100.0,360000
0,기본형,14947,CITROEN,20170101,20180518,씨트로엥,본네트(보수),도장,100.0,476000
0,기본형,14947,CITROEN,20170101,20180518,씨트로엥,앞휀다(우)(보수),도장,100.0,307000
0,기본형,14947,CITROEN,20170101,20180518,씨트로엥,"도어(앞우)(보수,5Dr)",도장,100.0,417000
0,기본형,14947,CITROEN,20170101,20180518,씨트로엥,앞휠하우스(우)(보수),도장,100.0,127000
0,기본형,25525,BMW,20170830,20180504,BMW 520D,앞범퍼,탈착,1.68,53760
0,기본형,25525,BMW,20170830,20180504,BMW 520D,앞범퍼,오버홀,2.24,71680
0,기본형,25525,BMW,20170830,20180504,BMW 520D,라디에터그릴 좌,탈착,0.42,13440
0,기본형,25525,BMW,20170830,20180504,BMW 520D,라디에터그릴 우,탈착,0.42,13440
0,기본형,25525,BMW,20170830,20180504,BMW 520D,앞범퍼 그린수가 50%청구,수리,15.63,500160
0,기본형,25525,BMW,20170830,20180504,BMW 520D,"앞범퍼 신품가 1,001,110",,1.0,0
0,기본형,25525,BMW,20170830,20180504,BMW 520D,헤드램프(좌),탈착,0.42,13440
0,기본형,25525,BMW,20170830,20180504,BMW 520D,헤드램프(좌)그린수가 50%청구,수리,34.87,1115840
0,기본형,25525,BMW,20170830,20180504,BMW 520D,"헤드램프 신품가(좌)2,230,800",,1.0,0
0,기본형,25525,BMW,20170830,20180504,BMW 520D,앞휀다(좌),판금,1.5,48000
0,기본형,25525,BMW,20170830,20180504,BMW 520D,앞범퍼(보수),도장,100.0,380000
0,기본형,25525,BMW,20170830,20180504,BMW 520D,앞휀다(좌)(보수),도장,100.0,380000
0,기본형,7703,BMW,20171101,20180514,NEW BMW 740Li,"도어(뒤우,자동문)(일체힌지",오버홀,2.24,71680
0,기본형,7703,BMW,20171101,20180514,NEW BMW 740Li,"도어(뒤우,자동문)그린수가 60%청구",판금,30.0,960000
0,기본형,7703,BMW,20171101,20180514,NEW BMW 740Li,"도어(뒤우)신품가1,601,622",,1.0,0
0,기본형,7703,BMW,20171101,20180514,NEW BMW 740Li,컴비네이션램프(좌),탈착,0.35,11200
0,기본형,7703,BMW,20171101,20180514,NEW BMW 740Li,컴비네이션램프(우),탈착,0.35,11200
0,기본형,7703,BMW,20171101,20180514,NEW BMW 740Li,"뒤휀다(우,5도어형)그린수가 50%청구",판금,26.93,861760
0,기본형,7703,BMW,20171101,20180514,NEW BMW 740Li,"뒤휀다 신품가 1,436,292",,1.0,0
0,기본형,7703,BMW,20171101,20180514,NEW BMW 740Li,주유규 커버 ,탈착,0.8,25600
0,기본형,7703,BMW,20171101,20180514,NEW BMW 740Li,뒤범퍼,탈착,1.47,47040
0,기본형,7703,BMW,20171101,20180514,NEW BMW 740Li,뒤범퍼,오버홀,1.54,49280
0,기본형,7703,BMW,20171101,20180514,NEW BMW 740Li,뒤범퍼,수리,3.5,112000
0,기본형,7703,BMW,20171101,20180514,NEW BMW 740Li,주차센서 및 배선,탈착,0.8,25600
0,기본형,7703,BMW,20171101,20180514,NEW BMW 740Li,휠(뒤우)그린수가 60%청구,수리,19.68,629760
0,기본형,7703,BMW,20171101,20180514,NEW BMW 740Li,"휠(뒤우)신품가 1,049,796",,1.0,0
0,기본형,7703,BMW,20171101,20180514,NEW BMW 740Li,"도어(뒤우)(보수,5Dr)",도장,100.0,380000
0,기본형,7703,BMW,20171101,20180514,NEW BMW 740Li,뒤범퍼(보수),도장,100.0,380000
0,기본형,7703,BMW,20171101,20180514,NEW BMW 740Li,"뒤휀다(우)(보수,5Dr)",도장,100.0,380000
0,A200,17112,BENZ,20170101,20180514,벤츠 A클래스,앞범퍼,탈착,1.68,53760
0,A200,17112,BENZ,20170101,20180514,벤츠 A클래스,주차센서 및 배선,탈착,0.8,25600
0,A200,17112,BENZ,20170101,20180514,벤츠 A클래스,앞범퍼,오버홀,2.24,71680
0,A200,17112,BENZ,20170101,20180514,벤츠 A클래스,앞범퍼 그린수가 60%청구 ,수리,9.1,291200
0,A200,17112,BENZ,20170101,20180514,벤츠 A클래스,"앞범퍼 신품가 487,200",,1.0,0
0,A200,17112,BENZ,20170101,20180514,벤츠 A클래스,헤드램프(우),탈착,0.42,13440
0,A200,17112,BENZ,20170101,20180514,벤츠 A클래스,본넷 에어백 ,교환,1.2,38400
0,A200,17112,BENZ,20170101,20180514,벤츠 A클래스,라디에터그릴,탈착,0.42,13440
0,A200,17112,BENZ,20170101,20180514,벤츠 A클래스,앞휀다(우),판금,1.5,48000
0,A200,17112,BENZ,20170101,20180514,벤츠 A클래스,"도어(앞우,자동문)(일체힌지",오버홀,2.66,85120
0,A200,17112,BENZ,20170101,20180514,벤츠 A클래스,"도어(앞우,자동문)그린수가50%청구",판금,8.2,262400
0,A200,17112,BENZ,20170101,20180514,벤츠 A클래스,"도어(앞우)신품가 527,700",,1.0,0
0,A200,17112,BENZ,20170101,20180514,벤츠 A클래스,사이드스탭패널(외측)(우),판금,1.5,48000
0,A200,17112,BENZ,20170101,20180514,벤츠 A클래스,프론트서스팬션ASS'Y(우),교환,3.15,100800
0,A200,17112,BENZ,20170101,20180514,벤츠 A클래스,허브(앞우),오버홀,1.05,33600
0,A200,17112,BENZ,20170101,20180514,벤츠 A클래스,휠(앞우)그린수가60%청구,수리,9.83,314560
0,A200,17112,BENZ,20170101,20180514,벤츠 A클래스,"휠(앞우)신품가523,710",,1.0,0
0,A200,17112,BENZ,20170101,20180514,벤츠 A클래스,앞범퍼(보수) 수용성,도장,100.0,380000
0,A200,17112,BENZ,20170101,20180514,벤츠 A클래스, 앞휀다(우) 수용성,도장,100.0,380000
0,A200,17112,BENZ,20170101,20180514,벤츠 A클래스,"도어(앞우)(보수,5Dr)수용성",도장,100.0,380000
0,A200,17112,BENZ,20170101,20180514,벤츠 A클래스,사이드스텝패널(우)(보수)수용성,도장,100.0,254000
0,218d,42151,BMW,20170101,20180519,BMW 2시리즈,앞범퍼,탈착,1.47,47040
0,218d,42151,BMW,20170101,20180519,BMW 2시리즈,앞범퍼,오버홀,1.54,49280
0,218d,42151,BMW,20170101,20180519,BMW 2시리즈,주차센서 및 배선,탈착,0.8,25600
0,218d,42151,BMW,20170101,20180519,BMW 2시리즈,앞범퍼 그린수가 그린수가 40%청구,수리,6.12,195840
0,218d,42151,BMW,20170101,20180519,BMW 2시리즈,"앞범퍼 신품가 489,951",,1.0,0
0,218d,42151,BMW,20170101,20180519,BMW 2시리즈, 라디에이터그릴 우,탈착,0.42,13440
0,218d,42151,BMW,20170101,20180519,BMW 2시리즈,라디에터그릴 좌,탈착,0.42,13440
0,218d,42151,BMW,20170101,20180519,BMW 2시리즈,헤드램프(좌),탈착,0.42,13440
0,218d,42151,BMW,20170101,20180519,BMW 2시리즈,헤드램프 그린수가 50%청구,수리,11.39,364480
0,218d,42151,BMW,20170101,20180519,BMW 2시리즈,"헤드램프 신품가 912,483",,1.0,0
0,218d,42151,BMW,20170101,20180519,BMW 2시리즈,본네트,판금,1.5,48000
0,218d,42151,BMW,20170101,20180519,BMW 2시리즈,앞휀다(좌),판금,4.5,144000
0,218d,42151,BMW,20170101,20180519,BMW 2시리즈,앞범퍼(보수),도장,100.0,380000
0,218d,42151,BMW,20170101,20180519,BMW 2시리즈,본네트(보수),도장,100.0,380000
0,218d,42151,BMW,20170101,20180519,BMW 2시리즈,앞휀다(우)(보수),도장,100.0,380000
0,520d,60126,BMW,20170417,20180423,BMW 5시리즈,앞범퍼,교환,3.01,105350
0,520d,60126,BMW,20170417,20180423,BMW 5시리즈,본네트,교환,0.77,26950
0,520d,60126,BMW,20170417,20180423,BMW 5시리즈,라디에터그릴,교환,0.42,14700
0,520d,60126,BMW,20170417,20180423,BMW 5시리즈,앞패널,교환,3.99,139650
0,520d,60126,BMW,20170417,20180423,BMW 5시리즈,헤드램프(우),교환,0.42,14700
0,520d,60126,BMW,20170417,20180423,BMW 5시리즈,포그램프(우),교환,1.0,35000
0,520d,60126,BMW,20170417,20180423,BMW 5시리즈,앞휀다(우),교환,1.33,46550
0,520d,60126,BMW,20170417,20180423,BMW 5시리즈,앞휀다(좌),판금,9.0,315000
0,520d,60126,BMW,20170417,20180423,BMW 5시리즈,"도어(앞우,자동문)",판금,9.0,315000
0,520d,60126,BMW,20170417,20180423,BMW 5시리즈,앞범퍼(신품),도장,100.0,450000
0,520d,60126,BMW,20170417,20180423,BMW 5시리즈,본네트(신품),도장,100.0,450000
0,기본형,11387,BENZ,20170601,20180425,벤츠 G350,본네트,판금,9.0,315000
0,기본형,11387,BENZ,20170601,20180425,벤츠 G350,"도어(앞좌,자동문)",판금,9.0,315000
0,기본형,11387,BENZ,20170601,20180425,벤츠 G350,사이드스탭패널(외측)(좌),교환,3.5,122500
0,기본형,11387,BENZ,20170601,20180425,벤츠 G350,본네트(보수),도장,100.0,350000
0,기본형,99782,CHRYSLER,20150101,20180430,크라이슬러,앞범퍼,교환,3.01,105350
0,기본형,99782,CHRYSLER,20150101,20180430,크라이슬러,본네트,판금,7.0,245000
0,기본형,99782,CHRYSLER,20150101,20180430,크라이슬러,헤드램프(좌),탈착,0.42,14700
0,기본형,99782,CHRYSLER,20150101,20180430,크라이슬러,헤드램프(우),탈착,0.42,14700
0,기본형,99782,CHRYSLER,20150101,20180430,크라이슬러,앞휀다(좌),판금,7.0,245000
0,기본형,99782,CHRYSLER,20150101,20180430,크라이슬러,앞휀다(우),판금,8.0,280000
0,기본형,99782,CHRYSLER,20150101,20180430,크라이슬러,앞범퍼(신품),도장,100.0,350000
0,320d,5442,BMW,20160101,20180508,BMW 3시리즈,앞범퍼,수리,9.0,315000
0,320d,5442,BMW,20160101,20180508,BMW 3시리즈,헤드램프(좌),탈착,0.42,14700
0,320d,5442,BMW,20160101,20180508,BMW 3시리즈,앞범퍼(보수),도장,100.0,350000
0,Q50S,11146,NISSAN,20170915,20180517,닛산 인피니티,앞휀다(좌),판금,9.0,315000
0,Q50S,11146,NISSAN,20170915,20180517,닛산 인피니티,"도어(앞좌,자동문)(일체힌지",판금,9.0,315000
0,Q50S,11146,NISSAN,20170915,20180517,닛산 인피니티,사이드미러(자동)(좌),교환,0.42,14700
0,Q50S,11146,NISSAN,20170915,20180517,닛산 인피니티,앞휀다(좌)(보수),도장,100.0,350000
0,Q50S,11146,NISSAN,20170915,20180517,닛산 인피니티,도어(앞좌)(보수),도장,100.0,350000
0,520d,134115,BMW,20150422,20180521,BMW 5시리즈,앞범퍼,교환,3.01,105350
0,520d,134115,BMW,20150422,20180521,BMW 5시리즈,헤드램프(우),교환,0.42,14700
0,520d,134115,BMW,20150422,20180521,BMW 5시리즈,앞휀다(우),판금,8.0,280000
0,520d,134115,BMW,20150422,20180521,BMW 5시리즈,앞범퍼(신품),도장,100.0,400000
0,리무진,30903,기아,20160101,20180519,뉴카니발9인승(06),후론트 범퍼,교환,1.79,44750
0,리무진,30903,기아,20160101,20180519,뉴카니발9인승(06),헤드램프(우),탈착,0.44,11000
0,리무진,30903,기아,20160101,20180519,뉴카니발9인승(06),후론트 휀다(우),판금,2.0,50000
0,리무진,30903,기아,20160101,20180519,뉴카니발9인승(06),후론트 도어(우),판금,1.5,37500
0,리무진,30903,기아,20160101,20180519,뉴카니발9인승(06),후론트 도어(우),1/2OH,1.2,30000
0,리무진,30903,기아,20160101,20180519,뉴카니발9인승(06),슬라이딩 도어(우),판금,1.5,37500
0,리무진,30903,기아,20160101,20180519,뉴카니발9인승(06),슬라이딩 도어(우),1/2OH,1.0,25000
0,리무진,30903,기아,20160101,20180519,뉴카니발9인승(06),리어 휀다(우),판금,2.0,50000
0,리무진,30903,기아,20160101,20180519,뉴카니발9인승(06),"타이어(앞,우)",교환,0.7,17500
0,리무진,30903,기아,20160101,20180519,뉴카니발9인승(06),"타이어(뒤,우)",교환,0.7,17500
0,리무진,30903,기아,20160101,20180519,뉴카니발9인승(06),후론트 범퍼교환,도장,1.97,49250
0,리무진,30903,기아,20160101,20180519,뉴카니발9인승(06),후론트 휀다(우)판금,도장,2.8,70000
0,리무진,30903,기아,20160101,20180519,뉴카니발9인승(06),후론트 도어(우)판금,도장,4.15,103750
0,리무진,30903,기아,20160101,20180519,뉴카니발9인승(06),슬라이딩 도어(우)판금,도장,4.56,114000
0,리무진,30903,기아,20160101,20180519,뉴카니발9인승(06),리어 휀다(우)판금,도장,3.26,81500
0,리무진,30903,기아,20160101,20180519,뉴카니발9인승(06),공통시간작업,도장,2.8,70000
0,리무진,30903,기아,20160101,20180519,뉴카니발9인승(06),가열건조비,도장,0.0,17278
0,LS (2.0),50641,한국GM,20150101,20180521,말리부,리어 도어(우),판금,3.5,87500
0,LS (2.0),50641,한국GM,20150101,20180521,말리부,리어 도어(우),1/2OH,1.15,28750
0,LS (2.0),50641,한국GM,20150101,20180521,말리부,후론트 도어(우),판금,2.5,62500
0,LS (2.0),50641,한국GM,20150101,20180521,말리부,후론트 도어(우),1/2OH,1.17,29250
0,LS (2.0),50641,한국GM,20150101,20180521,말리부,"사이드 스텝 패널(외측,우)",판금,2.5,62500
0,LS (2.0),50641,한국GM,20150101,20180521,말리부,리어 휀다(우),교환,5.61,140250
0,LS (2.0),50641,한국GM,20150101,20180521,말리부,리어 휠가드(우),탈착,0.28,7000
0,LS (2.0),50641,한국GM,20150101,20180521,말리부,"안전벨트(뒤,우)",탈착,0.35,8750
0,LS (2.0),50641,한국GM,20150101,20180521,말리부,"리어 휠하우스(외측,우)",판금,0.5,12500
0,LS (2.0),50641,한국GM,20150101,20180521,말리부,"타이어(뒤,우)",탈착,0.5,12500
0,LS (2.0),50641,한국GM,20150101,20180521,말리부,리어 컴비네이션램프(좌),탈착,0.35,8750
0,LS (2.0),50641,한국GM,20150101,20180521,말리부,리어 컴비네이션램프(우),탈착,0.35,8750
0,LS (2.0),50641,한국GM,20150101,20180521,말리부,리어 범퍼 커버,탈착,0.95,23750
0,LS (2.0),50641,한국GM,20150101,20180521,말리부,리어 범퍼 커버,수리,1.5,37500
0,LS (2.0),50641,한국GM,20150101,20180521,말리부,리어휀다 공장 일괄청구,,1.0,0
0,LS (2.0),50641,한국GM,20150101,20180521,말리부,후론트 도어(우)판금,도장,3.99,99750
0,LS (2.0),50641,한국GM,20150101,20180521,말리부,리어 도어(우)판금,도장,3.56,89000
0,LS (2.0),50641,한국GM,20150101,20180521,말리부,"사이드 스텝 패널(외측,우)판금",도장,2.24,56000
0,LS (2.0),50641,한국GM,20150101,20180521,말리부,리어 휀다(우)교환,도장,2.76,69000
0,LS (2.0),50641,한국GM,20150101,20180521,말리부,"리어 휠하우스(외측,우)판금",도장,1.54,38500
0,LS (2.0),50641,한국GM,20150101,20180521,말리부,리어 범퍼 커버판금,도장,3.57,89250
0,LS (2.0),50641,한국GM,20150101,20180521,말리부,공통시간작업,도장,2.2,55000
0,LS (2.0),50641,한국GM,20150101,20180521,말리부,가열건조비,도장,0.0,17278
0,기본형,50000,HONDA,20160101,20180531,혼다,앞범퍼,탈착,1.68,55440
0,기본형,50000,HONDA,20160101,20180531,혼다,앞범퍼,오버홀,2.24,73920
0,기본형,50000,HONDA,20160101,20180531,혼다,앞범퍼 그린수가 60%청구 ,수리,7.09,233970
0,기본형,50000,HONDA,20160101,20180531,혼다,"앞범퍼 신품가 389,862",,1.0,0
0,기본형,50000,HONDA,20160101,20180531,혼다,라디에터그릴,탈착,0.42,13860
0,기본형,50000,HONDA,20160101,20180531,혼다,주차센서 및 배선,탈착,0.8,26400
0,기본형,50000,HONDA,20160101,20180531,혼다,헤드램프(좌),탈착,0.42,13860
0,기본형,50000,HONDA,20160101,20180531,혼다,헤드램프(좌)그린수가 60%청구,수리,7.97,263010
0,기본형,50000,HONDA,20160101,20180531,혼다,"헤드램프(좌)신품가 438,471",,1.0,0
0,기본형,50000,HONDA,20160101,20180531,혼다,앞휀다(좌),판금,1.5,49500
0,기본형,50000,HONDA,20160101,20180531,혼다,앞범퍼(보수),도장,100.0,360000
0,기본형,50000,HONDA,20160101,20180531,혼다,앞휀다(좌)(보수),도장,100.0,307000
0,1.6 GDI 스타일,2324,현대,20170101,20180602,아반떼AD(16),리어범퍼,탈착,1.2,30000
0,1.6 GDI 스타일,2324,현대,20170101,20180602,아반떼AD(16),리어범퍼,수리,1.5,37500
0,1.6 GDI 스타일,2324,현대,20170101,20180602,아반떼AD(16),리어 컴비네이션램프(좌),탈착,0.3,7500
0,1.6 GDI 스타일,2324,현대,20170101,20180602,아반떼AD(16),리어 컴비네이션램프(우),탈착,0.3,7500
0,1.6 GDI 스타일,2324,현대,20170101,20180602,아반떼AD(16),리어 휀다(우),판금,1.5,37500
0,1.6 GDI 스타일,2324,현대,20170101,20180602,아반떼AD(16),리어 범퍼판금,도장,2.51,62750
0,1.6 GDI 스타일,2324,현대,20170101,20180602,아반떼AD(16),리어 휀다(우)판금,도장,2.19,54750
0,1.6 GDI 스타일,2324,현대,20170101,20180602,아반떼AD(16),공통시간작업,도장,2.0,50000
0,1.6 GDI 스타일,2324,현대,20170101,20180602,아반떼AD(16),가열건조비,도장,0.0,17278
0,기본형,142482,AUDI,20150831,20180619,아우디 A6,앞범퍼(단독작업),교환,3.92,129360
0,기본형,142482,AUDI,20150831,20180619,아우디 A6,라디에터그릴,교환,0.42,13860
0,기본형,142482,AUDI,20150831,20180619,아우디 A6,헤드램프(우),탈착,0.42,13860
0,기본형,142482,AUDI,20150831,20180619,아우디 A6,주차센서 및 배선,탈착,0.8,26400
0,기본형,142482,AUDI,20150831,20180619,아우디 A6,앞범퍼(신품)수용성,도장,100.0,290000
0,기본형,49057,FORD,20150101,20180618,포드,"도어(앞우,자동문)(일체힌지",판금,2.5,82500
0,기본형,49057,FORD,20150101,20180618,포드,"도어(앞우,자동문)(일체힌지",오버홀,2.66,87780
0,기본형,49057,FORD,20150101,20180618,포드,"도어(뒤우,자동문)(일체힌지",판금,2.5,82500
0,기본형,49057,FORD,20150101,20180618,포드,"도어(뒤우,자동문)그린수가40%청구",오버홀,16.17,533610
0,기본형,49057,FORD,20150101,20180618,포드,"도어신품가133,134",,1.0,0
0,기본형,49057,FORD,20150101,20180618,포드,"도어(앞우)(보수,5Dr)수용성",도장,100.0,417000
0,기본형,49057,FORD,20150101,20180618,포드,"도어(뒤우)(보수,5Dr)수용성",도장,100.0,417000
0,E220,15200,BENZ,20170713,20180607,벤츠 E클래스,앞범퍼,탈착,1.68,58800
0,E220,15200,BENZ,20170713,20180607,벤츠 E클래스,앞범퍼,오버홀,2.24,78400
0,E220,15200,BENZ,20170713,20180607,벤츠 E클래스,앞범퍼,수리,2.5,87500
0,E220,15200,BENZ,20170713,20180607,벤츠 E클래스,주차센서 및 배선,탈착,0.8,28000
0,E220,15200,BENZ,20170713,20180607,벤츠 E클래스,라디에터그릴,탈착,0.42,14700
0,E220,15200,BENZ,20170713,20180607,벤츠 E클래스,헤드램프(좌),탈착,0.42,14700
0,E220,15200,BENZ,20170713,20180607,벤츠 E클래스,헤드램프(좌)그린수가 50%청구,수리,46.8,1638000
0,E220,15200,BENZ,20170713,20180607,벤츠 E클래스,"해드램프(좌)  신품가 3,276,900",,1.0,0
0,E220,15200,BENZ,20170713,20180607,벤츠 E클래스,앞휀다(좌),판금,2.5,87500
0,E220,15200,BENZ,20170713,20180607,벤츠 E클래스,"도어(앞좌,자동문)(일체힌지",판금,3.5,122500
0,E220,15200,BENZ,20170713,20180607,벤츠 E클래스,"도어(앞좌,자동문)(일체힌지",오버홀,2.66,93100
0,E220,15200,BENZ,20170713,20180607,벤츠 E클래스,도어(앞좌)눈섭몰딩 재사용,수리,1.5,52500
0,E220,15200,BENZ,20170713,20180607,벤츠 E클래스,"도어(뒤좌,자동문)(일체힌지",판금,3.0,105000
0,E220,15200,BENZ,20170713,20180607,벤츠 E클래스,"도어(뒤좌,자동문)(일체힌지",오버홀,2.24,78400
0,E220,15200,BENZ,20170713,20180607,벤츠 E클래스,도어(뒤좌)눈섭몰딩 재사용,수리,1.5,52500
0,E220,15200,BENZ,20170713,20180607,벤츠 E클래스,사이드스탭몰딩(좌),탈착,0.6,21000
0,E220,15200,BENZ,20170713,20180607,벤츠 E클래스,사이드스탭몰딩(좌),수리,1.2,42000
0,E220,15200,BENZ,20170713,20180607,벤츠 E클래스,뒤범퍼,탈착,1.68,58800
0,E220,15200,BENZ,20170713,20180607,벤츠 E클래스,뒤범퍼,오버홀,2.24,78400
0,E220,15200,BENZ,20170713,20180607,벤츠 E클래스,뒤범퍼,수리,2.5,87500
0,E220,15200,BENZ,20170713,20180607,벤츠 E클래스,뒤 주차센서 및 배선,탈착,0.8,28000
0,E220,15200,BENZ,20170713,20180607,벤츠 E클래스,컴비네이션램프(좌),탈착,0.35,12250
0,E220,15200,BENZ,20170713,20180607,벤츠 E클래스,컴비네이션램프(우),탈착,0.35,12250
0,E220,15200,BENZ,20170713,20180607,벤츠 E클래스,뒤휀다(좌),판금,2.0,70000
0,E220,15200,BENZ,20170713,20180607,벤츠 E클래스,휠 (앞좌)그린수가50%청구,수리,11.03,386050
0,E220,15200,BENZ,20170713,20180607,벤츠 E클래스,"휠(앞좌)신품가 773,300",,1.0,0
0,E220,15200,BENZ,20170713,20180607,벤츠 E클래스,휠 (뒤좌),수리,11.03,386050
0,E220,15200,BENZ,20170713,20180607,벤츠 E클래스,"휠(앞좌)신품가 773,300",,1.0,0
0,E220,15200,BENZ,20170713,20180607,벤츠 E클래스,앞범퍼(보수)수용성,도장,100.0,329100
0,E220,15200,BENZ,20170713,20180607,벤츠 E클래스,앞휀다(좌)(보수)수용성,도장,100.0,301900
0,E220,15200,BENZ,20170713,20180607,벤츠 E클래스,도어(앞좌)(보수)수용성,도장,100.0,366900
0,E220,15200,BENZ,20170713,20180607,벤츠 E클래스,도어(뒤좌)(보수)수용성,도장,100.0,366900
0,E220,15200,BENZ,20170713,20180607,벤츠 E클래스,"뒤휀다(좌)(보수,5Dr)수용성",도장,100.0,364000
0,E220,15200,BENZ,20170713,20180607,벤츠 E클래스,뒤범퍼(보수)수용성,도장,100.0,329100
0,E220,15200,BENZ,20170713,20180607,벤츠 E클래스,사이드스탭몰딩(좌)수용성,도장,,229900
0,가솔린 2.0 인텔리젼트,781,기아,20180405,20180612,K5(18),후론트 범퍼 커버,탈착,0.86,21500
0,가솔린 2.0 인텔리젼트,781,기아,20180405,20180612,K5(18),전방 감지 센서,탈착,0.3,7500
0,가솔린 2.0 인텔리젼트,781,기아,20180405,20180612,K5(18),후론트 범퍼 커버,수리,2.0,50000
0,가솔린 2.0 인텔리젼트,781,기아,20180405,20180612,K5(18),후론트 범퍼 커버판금,도장,2.48,62000
0,가솔린 2.0 인텔리젼트,781,기아,20180405,20180612,K5(18),수용성 25%추가청구 ,도장,,29250
0,가솔린 2.0 인텔리젼트,781,기아,20180405,20180612,K5(18),공통시간작업,도장,2.2,55000
0,가솔린 2.0 인텔리젼트,781,기아,20180405,20180612,K5(18),가열건조비,도장,0.0,17278
0,기본형,25676,BENZ,20160722,20180612,벤츠,뒤범퍼,탈착,1.47,48510
0,기본형,25676,BENZ,20160722,20180612,벤츠,백패널,판금,1.5,49500
0,기본형,25676,BENZ,20160722,20180612,벤츠,뒤범퍼,오버홀,1.54,50820
0,기본형,25676,BENZ,20160722,20180612,벤츠,뒤범퍼,수리,6.0,198000
0,기본형,25676,BENZ,20160722,20180612,벤츠,주차센서 및 배선,탈착,0.8,26400
0,기본형,25676,BENZ,20160722,20180612,벤츠,뒤휀다(좌),판금,2.5,82500
0,기본형,25676,BENZ,20160722,20180612,벤츠,컴비네이션램프(좌),교환,0.35,11550
0,기본형,25676,BENZ,20160722,20180612,벤츠,컴비네이션램프(우),탈착,0.35,11550
0,기본형,25676,BENZ,20160722,20180612,벤츠,뒤범퍼(보수),도장,100.0,362000
0,기본형,25676,BENZ,20160722,20180612,벤츠,"뒤휀다(좌)(보수,5Dr)",도장,100.0,364000
0,기본형,25676,BENZ,20160722,20180612,벤츠,백패널(보수),도장,100.0,252300
0,R2.0 디젤 디럭스,22578,기아,20170117,20180615,올뉴쏘렌토,후론트 범퍼 커버,탈착,1.01,25250
0,R2.0 디젤 디럭스,22578,기아,20170117,20180615,올뉴쏘렌토,후론트 범퍼 커버,수리,1.5,37500
0,R2.0 디젤 디럭스,22578,기아,20170117,20180615,올뉴쏘렌토,후론트 범퍼 커버,1/2OH,1.0,25000
0,R2.0 디젤 디럭스,22578,기아,20170117,20180615,올뉴쏘렌토,후론트 범퍼(상단)판금,도장,2.0,50000
0,R2.0 디젤 디럭스,22578,기아,20170117,20180615,올뉴쏘렌토,수용성25% 추가청구,도장,,26250
0,R2.0 디젤 디럭스,22578,기아,20170117,20180615,올뉴쏘렌토,공통시간작업,도장,2.2,55000
0,R2.0 디젤 디럭스,22578,기아,20170117,20180615,올뉴쏘렌토,가열건조비,도장,0.0,17278
0,320d,35816,BMW,20151231,20180620,BMW 3시리즈,뒤범퍼,탈착,1.68,53760
0,320d,35816,BMW,20151231,20180620,BMW 3시리즈,앞범퍼,오버홀,2.24,71680
0,320d,35816,BMW,20151231,20180620,BMW 3시리즈,뒤범퍼 그린수가 50%청구,수리,9.83,314560
0,320d,35816,BMW,20151231,20180620,BMW 3시리즈,"뒤범퍼 신픔가 629,739",,1.0,0
0,320d,35816,BMW,20151231,20180620,BMW 3시리즈,주차센서 및 배선,탈착,0.8,25600
0,320d,35816,BMW,20151231,20180620,BMW 3시리즈,컴비네이션램프(좌),탈착,0.35,11200
0,320d,35816,BMW,20151231,20180620,BMW 3시리즈,컴비네이션램프(우),탈착,0.35,11200
0,320d,35816,BMW,20151231,20180620,BMW 3시리즈,뒤휀다(좌)그린수가 50%청구,판금,12.58,402560
0,320d,35816,BMW,20151231,20180620,BMW 3시리즈,"뒤휀다 신품가804,672",,1.0,0
0,320d,35816,BMW,20151231,20180620,BMW 3시리즈,휠(뒤좌),수리,7.82,250240
0,320d,35816,BMW,20151231,20180620,BMW 3시리즈,뒤범퍼(보수),도장,100.0,380000
0,320d,35816,BMW,20151231,20180620,BMW 3시리즈,"뒤휀다(좌)(보수,5Dr)",도장,100.0,380000
0,LS (2.0),38004,한국GM,20160523,20180530,말리부,후론트 범퍼 커버,탈착,1.11,26970
0,LS (2.0),38004,한국GM,20160523,20180530,말리부,후론트 범퍼 커버,수리,2.5,60750
0,LS (2.0),38004,한국GM,20160523,20180530,말리부,헤드램프(우),탈착,0.4,9720
0,LS (2.0),38004,한국GM,20160523,20180530,말리부,후론트 휀다(우),판금,2.0,48600
0,LS (2.0),38004,한국GM,20160523,20180530,말리부,후론트 범퍼 커버판금,도장,3.71,90150
0,LS (2.0),38004,한국GM,20160523,20180530,말리부,후론트 휀다(우)판금,도장,2.49,60510
0,LS (2.0),38004,한국GM,20160523,20180530,말리부,수용성 도장 추가청구25%,도장,,78799
0,LS (2.0),38004,한국GM,20160523,20180530,말리부,공통시간작업,도장,2.2,53460
0,LS (2.0),38004,한국GM,20160523,20180530,말리부,가열건조비,도장,0.0,17278
0,CHIC,13921,쌍용,20170101,20180605,코란도 C,헤드램프(좌),탈착,0.33,8020
0,CHIC,13921,쌍용,20170101,20180605,코란도 C,후론트 범퍼 커버,교환,2.06,50060
0,CHIC,13921,쌍용,20170101,20180605,코란도 C,후론트 휀다(좌),판금,1.5,36450
0,CHIC,13921,쌍용,20170101,20180605,코란도 C,후론트 범퍼 커버판금,도장,2.56,62210
0,CHIC,13921,쌍용,20170101,20180605,코란도 C,후론트 휀다(좌)판금,도장,2.22,53950
0,CHIC,13921,쌍용,20170101,20180605,코란도 C,수용성 25%추가청구,도장,,65424
0,CHIC,13921,쌍용,20170101,20180605,코란도 C,공통시간작업,도장,2.2,53460
0,CHIC,13921,쌍용,20170101,20180605,코란도 C,가열건조비,도장,0.0,17278
0,1.6 GDI 스타일,2324,현대,20180101,20180601,아반떼AD(16),리어범퍼,교환,2.06,51500
0,1.6 GDI 스타일,2324,현대,20180101,20180601,아반떼AD(16),리어 컴비네이션램프(좌),탈착,0.3,7500
0,1.6 GDI 스타일,2324,현대,20180101,20180601,아반떼AD(16),리어 컴비네이션램프(우),탈착,0.3,7500
0,1.6 GDI 스타일,2324,현대,20180101,20180601,아반떼AD(16),리어 범퍼교환,도장,2.07,51750
0,1.6 GDI 스타일,2324,현대,20180101,20180601,아반떼AD(16),공통시간작업,도장,1.7,42500
0,1.6 GDI 스타일,2324,현대,20180101,20180601,아반떼AD(16),가열건조비,도장,0.0,17278
0,KV300 (2WD),134898,기아,20140428,20180604,모하비,앞범퍼,탈착,1.51,37750
0,KV300 (2WD),134898,기아,20140428,20180604,모하비,앞범퍼 frp,오버홀,1.31,32750
0,KV300 (2WD),134898,기아,20140428,20180604,모하비,앞범퍼,수리,3.5,87500
0,KV300 (2WD),134898,기아,20140428,20180604,모하비,앞범퍼 FRP보수 ,수리,38.0,950000
0,KV300 (2WD),134898,기아,20140428,20180604,모하비,"앞범퍼 FRP 커스텀 신품가1,900,000",,1.0,0
0,KV300 (2WD),134898,기아,20140428,20180604,모하비,후론트휀다(좌),교환,1.24,31000
0,KV300 (2WD),134898,기아,20140428,20180604,모하비,후드,판금,1.5,37500
0,KV300 (2WD),134898,기아,20140428,20180604,모하비,후론트휀다(좌)교환,도장,1.58,39500
0,KV300 (2WD),134898,기아,20140428,20180604,모하비,후드판금,도장,3.66,91500
0,KV300 (2WD),134898,기아,20140428,20180604,모하비,공통시간작업,도장,2.2,55000
0,KV300 (2WD),134898,기아,20140428,20180604,모하비,가열건조비,도장,0.0,17278
0,기본형,77131,VOLVO,20160101,20180622,볼보 XC70,"도어(앞우,자동문)",판금,9.0,315000
0,기본형,77131,VOLVO,20160101,20180622,볼보 XC70,"도어(뒤우,자동문)",판금,9.0,315000
0,기본형,77131,VOLVO,20160101,20180622,볼보 XC70,사이드스탭패널(외측)(우),교환,3.85,134750
0,기본형,77131,VOLVO,20160101,20180622,볼보 XC70,뒤휀다(우),교환,5.39,188650
0,기본형,77131,VOLVO,20160101,20180622,볼보 XC70,(우) 뒤 휠,교환,10.0,350000
0,기본형,77131,VOLVO,20160101,20180622,볼보 XC70,"뒤휀다(우)(신품,4Dr)",도장,100.0,400000
0,기본형,132797,CHRYSLER,20150515,20180607,크라이슬러,앞범퍼,수리,8.0,256000
0,기본형,132797,CHRYSLER,20150515,20180607,크라이슬러,본네트,판금,8.0,256000
0,기본형,132797,CHRYSLER,20150515,20180607,크라이슬러,앞휀다(좌),판금,8.0,256000
0,기본형,132797,CHRYSLER,20150515,20180607,크라이슬러,"도어(앞좌,자동문)",판금,8.0,256000
0,기본형,132797,CHRYSLER,20150515,20180607,크라이슬러,"도어(뒤좌,자동문)",판금,7.0,224000
0,기본형,132797,CHRYSLER,20150515,20180607,크라이슬러,뒤범퍼,수리,7.0,224000
0,기본형,132797,CHRYSLER,20150515,20180607,크라이슬러,뒤휀다(좌),판금,9.0,288000
0,기본형,132797,CHRYSLER,20150515,20180607,크라이슬러,좌)앞뒤휠,수리,20.0,640000
0,기본형,132797,CHRYSLER,20150515,20180607,크라이슬러,앞범퍼(보수),도장,100.0,450000
0,가솔린 2.4 모던,21107,현대,20161207,20180711,그랜져IG(17),후론트 휀다(좌),판금,3.0,75000
0,가솔린 2.4 모던,21107,현대,20161207,20180711,그랜져IG(17),헤드램프(좌),탈착,0.43,10750
0,가솔린 2.4 모던,21107,현대,20161207,20180711,그랜져IG(17),후론트 도어(좌),교환,3.62,90500
0,가솔린 2.4 모던,21107,현대,20161207,20180711,그랜져IG(17),리어 도어(좌),교환,3.52,88000
0,가솔린 2.4 모던,21107,현대,20161207,20180711,그랜져IG(17),후론트 휀다(좌)판금,도장,2.03,50750
0,가솔린 2.4 모던,21107,현대,20161207,20180711,그랜져IG(17),사이드스텝몰딩(좌),교환,0.72,18000
0,가솔린 2.4 모던,21107,현대,20161207,20180711,그랜져IG(17),후론트 도어(좌)교환,도장,2.83,70750
0,가솔린 2.4 모던,21107,현대,20161207,20180711,그랜져IG(17),리어 도어(좌)교환,도장,2.57,64250
0,가솔린 2.4 모던,21107,현대,20161207,20180711,그랜져IG(17),사이드스텝패널(좌)교환,도장,1.48,37000
0,가솔린 2.4 모던,21107,현대,20161207,20180711,그랜져IG(17),수용성 25% 추가청구 ,도장,,111297
0,가솔린 2.4 모던,21107,현대,20161207,20180711,그랜져IG(17),실리콘 헨켈,도장,,60000
0,가솔린 2.4 모던,21107,현대,20161207,20180711,그랜져IG(17),공통시간작업,도장,2.2,55000
0,가솔린 2.4 모던,21107,현대,20161207,20180711,그랜져IG(17),가열건조비,도장,0.0,17278
0,기본형,9763,BMW,20170502,20180726,BMW 쿠퍼,"앞범퍼 신품가 (325,800)",,1.0,0
0,기본형,9763,BMW,20170502,20180726,BMW 쿠퍼,앞범퍼 그린수가 50% 청구,수리,4.93,162690
0,기본형,9763,BMW,20170502,20180726,BMW 쿠퍼,전방센서 및 배선,탈착,0.8,26400
0,기본형,9763,BMW,20170502,20180726,BMW 쿠퍼,앞휀다(좌),판금,3.0,99000
0,기본형,9763,BMW,20170502,20180726,BMW 쿠퍼,휀다몰딩(앞좌),교환,0.8,26400
0,기본형,9763,BMW,20170502,20180726,BMW 쿠퍼,범퍼하단교환,교환,0.8,26400
0,기본형,9763,BMW,20170502,20180726,BMW 쿠퍼,"앞라이트(좌) 신품가(271,100)",,1.0,0
0,기본형,9763,BMW,20170502,20180726,BMW 쿠퍼,앞라이트(좌) 그린수가 50%청구,수리,4.1,135300
0,기본형,9763,BMW,20170502,20180726,BMW 쿠퍼,라이트 크롬몰딩(좌),교환,0.2,6600
0,기본형,9763,BMW,20170502,20180726,BMW 쿠퍼,앞범퍼(보수),도장,100.0,360000
0,기본형,9763,BMW,20170502,20180726,BMW 쿠퍼,"앞휀다(좌,보수)",도장,100.0,307000
0,노블레스,4485,기아,20180101,20180709,K3,후론트 휀다(우),탈착,0.72,18000
0,노블레스,4485,기아,20180101,20180709,K3,후론트 휀다(우),판금,1.5,37500
0,노블레스,4485,기아,20180101,20180709,K3,후론트 도어(우),판금,3.0,75000
0,노블레스,4485,기아,20180101,20180709,K3,후론트 도어(우),1/2OH,1.09,27250
0,노블레스,4485,기아,20180101,20180709,K3,"도어 트림(앞,좌)",탈착,0.54,13500
0,노블레스,4485,기아,20180101,20180709,K3,"도어 트림(뒤,좌)",탈착,0.54,13500
0,노블레스,4485,기아,20180101,20180709,K3,리어 도어(우),판금,3.0,75000
0,노블레스,4485,기아,20180101,20180709,K3,리어 도어(우),1/2OH,1.05,26250
0,노블레스,4485,기아,20180101,20180709,K3,후론트 범퍼 커버,탈착,0.78,19500
0,노블레스,4485,기아,20180101,20180709,K3,후론트 범퍼 커버,수리,1.0,25000
0,노블레스,4485,기아,20180101,20180709,K3,헤드램프(우),탈착,0.33,8250
0,노블레스,4485,기아,20180101,20180709,K3,리어 컴비네이션램프(우),탈착,0.3,7500
0,노블레스,4485,기아,20180101,20180709,K3,리어 휀다(우),판금,3.0,75000
0,노블레스,4485,기아,20180101,20180709,K3,후론트 휀다(우)판금,도장,1.89,47250
0,노블레스,4485,기아,20180101,20180709,K3,후론트 도어(우)판금,도장,3.85,96250
0,노블레스,4485,기아,20180101,20180709,K3,리어 도어(우)판금,도장,3.47,86750
0,노블레스,4485,기아,20180101,20180709,K3,리어 휀다(우)판금,도장,2.33,58250
0,노블레스,4485,기아,20180101,20180709,K3,후론트 범퍼 커버판금,도장,2.64,66000
0,노블레스,4485,기아,20180101,20180709,K3,수용성도장 25%추가청구,도장,,158469
0,노블레스,4485,기아,20180101,20180709,K3,공통시간작업,도장,2.2,55000
0,노블레스,4485,기아,20180101,20180709,K3,가열건조비,도장,0.0,17278
0,VG 240,50014,기아,20160607,20180709,K7,후론트 범퍼 커버,교환,1.77,44250
0,VG 240,50014,기아,20160607,20180709,K7,주차센서 및 배선,탈착,0.8,20000
0,VG 240,50014,기아,20160607,20180709,K7,후드,판금,2.0,50000
0,VG 240,50014,기아,20160607,20180709,K7,후드,1/2OH,0.33,8250
0,VG 240,50014,기아,20160607,20180709,K7,후론트 패널,교환,1.5,37500
0,VG 240,50014,기아,20160607,20180709,K7,"헤드램프(좌) 신품가 380,000",,1.0,0
0,VG 240,50014,기아,20160607,20180709,K7,헤드램프(좌) 그린수가40%청구,수리,5.52,138000
0,VG 240,50014,기아,20160607,20180709,K7,유리막청구 ,도장,,240000
0,VG 240,50014,기아,20160607,20180709,K7,후론트 범퍼 커버교환,도장,2.29,57250
0,VG 240,50014,기아,20160607,20180709,K7,후드판금,도장,4.86,121500
0,VG 240,50014,기아,20160607,20180709,K7,앞패널교환,도장,0.7,17500
0,VG 240,50014,기아,20160607,20180709,K7,공통시간작업,도장,2.8,70000
0,VG 240,50014,기아,20160607,20180709,K7,가열건조비,도장,0.0,17278
0,기본형,60122,FORD,20150101,20180716,포드,"도어(앞우,자동문)(일체힌지",탈착,1.32,40790
0,기본형,60122,FORD,20150101,20180716,포드,도어(앞우) 도어몰딩,탈착,0.5,15450
0,기본형,60122,FORD,20150101,20180716,포드,도어(앞우)눈섭몰딩 재사용,수리,0.5,15450
0,기본형,60122,FORD,20150101,20180716,포드,"도어(뒤우,자동문)(일체힌지",탈착,1.32,40790
0,기본형,60122,FORD,20150101,20180716,포드,"도어(뒤우,자동문)(일체힌지",판금,3.0,92700
0,기본형,60122,FORD,20150101,20180716,포드,"도어(뒤우,자동문)(일체힌지",오버홀,2.24,69220
0,기본형,60122,FORD,20150101,20180716,포드,도어(뒤우) 도어몰딩,탈착,0.5,15450
0,기본형,60122,FORD,20150101,20180716,포드,도어(뒤우)눈섭몰딩 재사용,수리,0.5,15450
0,기본형,60122,FORD,20150101,20180716,포드,센터필라(외측)(우),판금,3.0,92700
0,기본형,60122,FORD,20150101,20180716,포드,사이드미러(자동)(우),탈착,0.42,12980
0,기본형,60122,FORD,20150101,20180716,포드,"도어(앞우)(신품,5Dr)",도장,100.0,369270
0,기본형,60122,FORD,20150101,20180716,포드,"도어(뒤우)(보수,5Dr)",도장,100.0,369270
0,기본형,60122,FORD,20150101,20180716,포드,센터필러(우)(보수),도장,100.0,231240
0,기본형,60122,FORD,20150101,20180716,포드,"도어(앞우,자동문)(일체힌지",오버홀,2.66,82190
0,기본형,60122,FORD,20150101,20180716,포드,사이드미러(자동)(우),도장,,115620
0,기본형,60122,FORD,20150101,20180716,포드,"도어(앞우,자동문) 신품가 (1,492,900)",,1.0,0
0,기본형,60122,FORD,20150101,20180716,포드,"도어(앞우,자동문) 그린수가50% 청구",판금,24.48,756430
0,LT (2.0),40790,한국GM,20160101,20180726,말리부,후론트 범퍼 커버,교환,1.74,42280
0,LT (2.0),40790,한국GM,20160101,20180726,말리부,후론트 범퍼 커버교환,도장,3.49,84810
0,LT (2.0),40790,한국GM,20160101,20180726,말리부,수용성도장 25%추가청구,도장,,55762
0,LT (2.0),40790,한국GM,20160101,20180726,말리부,라디에터그릴,탈착,0.5,12150
0,LT (2.0),40790,한국GM,20160101,20180726,말리부,주차센서 및 배선,탈착,0.8,19440
0,LT (2.0),40790,한국GM,20160101,20180726,말리부,공통시간작업,도장,2.2,53460
0,LT (2.0),40790,한국GM,20160101,20180726,말리부,가열건조비,도장,0.0,17278
0,VG 240,50014,기아,20160607,20180709,K7,후론트 범퍼 커버,교환,1.77,44250
0,VG 240,50014,기아,20160607,20180709,K7,주차센서 및 배선,탈착,0.8,20000
0,VG 240,50014,기아,20160607,20180709,K7,후드,판금,2.0,50000
0,VG 240,50014,기아,20160607,20180709,K7,후드,1/2OH,0.33,8250
0,VG 240,50014,기아,20160607,20180709,K7,후론트 패널,교환,1.5,37500
0,VG 240,50014,기아,20160607,20180709,K7,"헤드램프(좌) 신품가 380,000",,1.0,0
0,VG 240,50014,기아,20160607,20180709,K7,헤드램프(좌) 그린수가40%청구,수리,5.52,138000
0,VG 240,50014,기아,20160607,20180709,K7,유리막청구 ,도장,,240000
0,VG 240,50014,기아,20160607,20180709,K7,후론트 범퍼 커버교환,도장,2.29,57250
0,VG 240,50014,기아,20160607,20180709,K7,후드판금,도장,4.86,121500
0,VG 240,50014,기아,20160607,20180709,K7,앞패널교환,도장,0.7,17500
0,VG 240,50014,기아,20160607,20180709,K7,공통시간작업,도장,2.8,70000
0,VG 240,50014,기아,20160607,20180709,K7,가열건조비,도장,0.0,17278
0,기본형,18866,HONDA,20170101,20180711,혼다 어코드,뒤범퍼,교환,3.01,105350
0,기본형,18866,HONDA,20170101,20180711,혼다 어코드,백패널,판금,5.0,175000
0,기본형,18866,HONDA,20170101,20180711,혼다 어코드,컴비네이션램프(좌),탈착,0.35,12250
0,기본형,18866,HONDA,20170101,20180711,혼다 어코드,컴비네이션램프(우),탈착,0.35,12250
0,기본형,18866,HONDA,20170101,20180711,혼다 어코드,뒤범퍼(신품),도장,100.0,400000
0,기본형,91093,AUDI,20150101,20180716,아우디 A3,앞범퍼,교환,3.01,105350
0,기본형,91093,AUDI,20150101,20180716,아우디 A3,본네트,판금,9.0,315000
0,기본형,91093,AUDI,20150101,20180716,아우디 A3,라디에터그릴,교환,0.42,14700
0,기본형,91093,AUDI,20150101,20180716,아우디 A3,헤드램프(우),교환,0.42,14700
0,기본형,91093,AUDI,20150101,20180716,아우디 A3,앞휀다(우),교환,1.33,46550
0,기본형,91093,AUDI,20150101,20180716,아우디 A3,앞휀다(좌),판금,8.0,280000
0,기본형,91093,AUDI,20150101,20180716,아우디 A3,뒤범퍼,수리,9.0,315000
0,기본형,91093,AUDI,20150101,20180716,아우디 A3,뒤휀다(좌),판금,9.0,315000
0,기본형,91093,AUDI,20150101,20180716,아우디 A3,우 앞 휠,수리,10.0,350000
0,기본형,91093,AUDI,20150101,20180716,아우디 A3,앞범퍼(신품),도장,100.0,450000
0,C220,75382,BENZ,20150113,20180719,벤츠 C클래스,앞범퍼,수리,8.0,280000
0,C220,75382,BENZ,20150113,20180719,벤츠 C클래스,헤드램프(우),탈착,0.42,14700
0,C220,75382,BENZ,20150113,20180719,벤츠 C클래스,앞휀다(우),판금,9.0,315000
0,C220,75382,BENZ,20150113,20180719,벤츠 C클래스,앞범퍼(보수),도장,100.0,450000
0,기본형,11817,TOYOTA,20180111,20180718,도요다 캠리,"도어(뒤좌,자동문)",판금,9.0,315000
0,기본형,11817,TOYOTA,20180111,20180718,도요다 캠리,사이드스탭패널(외측)(좌),판금,7.0,245000
0,기본형,11817,TOYOTA,20180111,20180718,도요다 캠리,뒤범퍼,수리,7.0,245000
0,기본형,11817,TOYOTA,20180111,20180718,도요다 캠리,뒤휀다(좌),판금,9.0,315000
0,기본형,11817,TOYOTA,20180111,20180718,도요다 캠리,뒤범퍼(보수),도장,100.0,400000
0,기본형,9763,BENZ,20170502,20180723,벤츠 E300,앞범퍼,교환,3.92,137200
0,기본형,9763,BENZ,20170502,20180723,벤츠 E300,라디에터그릴,탈착,0.42,14700
0,기본형,9763,BENZ,20170502,20180723,벤츠 E300,주차센서 및 배선,탈착,0.8,28000
0,기본형,9763,BENZ,20170502,20180723,벤츠 E300,헤드램프(좌),교환,0.42,14700
0,기본형,9763,BENZ,20170502,20180723,벤츠 E300,헤드램프(우),탈착,0.42,14700
0,기본형,9763,BENZ,20170502,20180723,벤츠 E300,앞휀다(좌),판금,3.0,105000
0,기본형,9763,BENZ,20170502,20180723,벤츠 E300,본네트,판금,3.0,105000
0,기본형,9763,BENZ,20170502,20180723,벤츠 E300,"휠 신품가 (787,000)",,1.0,0
0,기본형,9763,BENZ,20170502,20180723,벤츠 E300,휠 그린수가 50%청구,수리,11.24,393400
0,기본형,9763,BENZ,20170502,20180723,벤츠 E300,앞범퍼(신품)수용성,도장,100.0,384875
0,기본형,9763,BENZ,20170502,20180723,벤츠 E300,앞휀다(좌)(보수)수용성,도장,100.0,415000
0,기본형,9763,BENZ,20170502,20180723,벤츠 E300,본네트(보수)수용성,도장,100.0,583500
0,기본형,26557,VOLKSWAGEN,20160101,20180823,폭스바겐 골프,앞범퍼,교환,3.92,125440
0,기본형,26557,VOLKSWAGEN,20160101,20180823,폭스바겐 골프,라디에터그릴,탈착,0.42,13440
0,기본형,26557,VOLKSWAGEN,20160101,20180823,폭스바겐 골프,헤드램프(좌),탈착,0.42,13440
0,기본형,26557,VOLKSWAGEN,20160101,20180823,폭스바겐 골프,헤드램프(우),탈착,0.42,13440
0,기본형,26557,VOLKSWAGEN,20160101,20180823,폭스바겐 골프,주차센서 및 배선,탈착,0.8,25600
0,기본형,26557,VOLKSWAGEN,20160101,20180823,폭스바겐 골프,안개등그릴,교환,0.4,12800
0,기본형,26557,VOLKSWAGEN,20160101,20180823,폭스바겐 골프,센터그릴,교환,0.5,16000
0,기본형,26557,VOLKSWAGEN,20160101,20180823,폭스바겐 골프,하단그릴,교환,0.4,12800
0,기본형,26557,VOLKSWAGEN,20160101,20180823,폭스바겐 골프,앞범퍼(신품),도장,100.0,384870
0,320d,6800,BMW,20170630,20180518,BMW 3시리즈,앞범퍼,교환,3.01,99330
0,320d,6800,BMW,20170630,20180518,BMW 3시리즈,라디에터그릴 좌,교환,0.42,13860
0,320d,6800,BMW,20170630,20180518,BMW 3시리즈,라디에터그릴 우,교환,0.42,13860
0,320d,6800,BMW,20170630,20180518,BMW 3시리즈,라디에터그릴브라켓,교환,0.14,4620
0,320d,6800,BMW,20170630,20180518,BMW 3시리즈,헤더패널,교환,1.47,48510
0,320d,6800,BMW,20170630,20180518,BMW 3시리즈,본네트,교환,0.77,25410
0,320d,6800,BMW,20170630,20180518,BMW 3시리즈,본네트힌지(좌),교환,0.56,18480
0,320d,6800,BMW,20170630,20180518,BMW 3시리즈,본네트힌지(우),교환,0.56,18480
0,320d,6800,BMW,20170630,20180518,BMW 3시리즈,본네트쇼바(우),교환,0.21,6930
0,320d,6800,BMW,20170630,20180518,BMW 3시리즈,본네트록크,교환,0.35,11550
0,320d,6800,BMW,20170630,20180518,BMW 3시리즈,본네트케이블,교환,0.42,13860
0,320d,6800,BMW,20170630,20180518,BMW 3시리즈,실내바닥(앞),판금,3.5,115500
0,320d,6800,BMW,20170630,20180518,BMW 3시리즈,실내바닥(뒤),판금,6.0,198000
0,320d,6800,BMW,20170630,20180518,BMW 3시리즈,본네트인슐레이션,교환,0.35,11550
0,320d,6800,BMW,20170630,20180518,BMW 3시리즈,헤드램프(좌),교환,0.42,13860
0,320d,6800,BMW,20170630,20180518,BMW 3시리즈,헤드램프(우),교환,0.42,13860
0,320d,6800,BMW,20170630,20180518,BMW 3시리즈,헤드램프브라켓(좌),교환,0.14,4620
0,320d,6800,BMW,20170630,20180518,BMW 3시리즈,헤드램프브라켓(우),교환,0.14,4620
0,320d,6800,BMW,20170630,20180518,BMW 3시리즈,앞휀다(좌),판금,2.0,66000
0,320d,6800,BMW,20170630,20180518,BMW 3시리즈,앞휀다(우),교환,1.33,43890
0,320d,6800,BMW,20170630,20180518,BMW 3시리즈,휠가아드(앞좌),교환,0.42,13860
0,320d,6800,BMW,20170630,20180518,BMW 3시리즈,앞휠하우스(좌),판금,3.5,115500
0,320d,6800,BMW,20170630,20180518,BMW 3시리즈,앞휠하우스(우),교환,7.49,247170
0,320d,6800,BMW,20170630,20180518,BMW 3시리즈,앞사이드멤버(좌),판금,3.5,115500
0,320d,6800,BMW,20170630,20180518,BMW 3시리즈,앞사이드멤버(우),교환,3.99,131670
0,320d,6800,BMW,20170630,20180518,BMW 3시리즈,머드가드(앞우),교환,0.28,9240
0,320d,6800,BMW,20170630,20180518,BMW 3시리즈,히터및에버포레이터(동시작업,탈착,3.99,131670
0,320d,6800,BMW,20170630,20180518,BMW 3시리즈,시트(앞좌)(전동식),탈착,0.9,29700
0,320d,6800,BMW,20170630,20180518,BMW 3시리즈,시트(앞우)(전동식),탈착,0.9,29700
0,320d,6800,BMW,20170630,20180518,BMW 3시리즈,안전벨트(앞좌),교환,0.42,13860
0,320d,6800,BMW,20170630,20180518,BMW 3시리즈,안전벨트(앞우),교환,0.42,13860
0,320d,6800,BMW,20170630,20180518,BMW 3시리즈,엔진룸배선,탈착,1.54,50820
0,320d,6800,BMW,20170630,20180518,BMW 3시리즈,라이트배선,탈착,1.26,41580
0,320d,6800,BMW,20170630,20180518,BMW 3시리즈,인스트루먼트배선,탈착,2.94,97020
0,320d,6800,BMW,20170630,20180518,BMW 3시리즈,키셋트,탈착,1.82,60060
0,320d,6800,BMW,20170630,20180518,BMW 3시리즈,와이퍼링케이지,탈착,0.91,30030
0,320d,6800,BMW,20170630,20180518,BMW 3시리즈,와이퍼모터,탈착,0.0,0
0,320d,6800,BMW,20170630,20180518,BMW 3시리즈,후론트필라트림(좌),탈착,0.28,9240
0,320d,6800,BMW,20170630,20180518,BMW 3시리즈,후론트필라트림(우),탈착,0.28,9240
0,320d,6800,BMW,20170630,20180518,BMW 3시리즈,센타필라트림(좌),탈착,0.28,9240
0,320d,6800,BMW,20170630,20180518,BMW 3시리즈,센타필라트림(우),탈착,0.28,9240
0,320d,6800,BMW,20170630,20180518,BMW 3시리즈,리어필라트림(좌),탈착,0.28,9240
0,320d,6800,BMW,20170630,20180518,BMW 3시리즈,리어필라트림(우),탈착,0.28,9240
0,320d,6800,BMW,20170630,20180518,BMW 3시리즈,ECU,탈착,1.33,43890
0,320d,6800,BMW,20170630,20180518,BMW 3시리즈,디스트리뷰다,탈착,0.77,25410
0,320d,6800,BMW,20170630,20180518,BMW 3시리즈,와셔탱크,교환,0.35,11550
0,320d,6800,BMW,20170630,20180518,BMW 3시리즈,브레이크마스터실린더,탈착,1.05,34650
0,320d,6800,BMW,20170630,20180518,BMW 3시리즈,ABS센서(앞우),교환,0.0,0
0,320d,6800,BMW,20170630,20180518,BMW 3시리즈,브레이크페달,탈착,2.03,66990
0,320d,6800,BMW,20170630,20180518,BMW 3시리즈,클러치마스터실린더,탈착,1.05,34650
0,320d,6800,BMW,20170630,20180518,BMW 3시리즈,휠얼라이먼트(전자식),조정,2.1,69300
0,320d,6800,BMW,20170630,20180518,BMW 3시리즈,오일팬 ,교환,3.0,99000
0,320d,6800,BMW,20170630,20180518,BMW 3시리즈,카울그릴,탈착,0.42,13860
0,320d,6800,BMW,20170630,20180518,BMW 3시리즈,카울패널,판금,2.5,82500
0,320d,6800,BMW,20170630,20180518,BMW 3시리즈,대쉬패널,판금,3.5,115500
0,320d,6800,BMW,20170630,20180518,BMW 3시리즈,윈도우필러(좌),판금,1.5,49500
0,320d,6800,BMW,20170630,20180518,BMW 3시리즈,후론트필러(우),판금,5.0,165000
0,320d,6800,BMW,20170630,20180518,BMW 3시리즈,"도어(앞우,자동문)(일체힌지",판금,3.0,99000
0,320d,6800,BMW,20170630,20180518,BMW 3시리즈,"도어(앞우,자동문)(일체힌지",오버홀,2.66,87780
0,320d,6800,BMW,20170630,20180518,BMW 3시리즈,"도어(뒤우,자동문)(일체힌지",판금,1.5,49500
0,320d,6800,BMW,20170630,20180518,BMW 3시리즈,"도어(뒤우,자동문)(일체힌지",오버홀,2.24,73920
0,320d,6800,BMW,20170630,20180518,BMW 3시리즈,컴비네이션램프(우),탈착,0.35,11550
0,320d,6800,BMW,20170630,20180518,BMW 3시리즈,뒤휀다(우)(연료주입구측),판금,1.5,49500
0,320d,6800,BMW,20170630,20180518,BMW 3시리즈,주유구 커버,탈착,0.7,23100
0,320d,6800,BMW,20170630,20180518,BMW 3시리즈,사이드스탭패널(외측)(우),판금,3.5,115500
0,320d,6800,BMW,20170630,20180518,BMW 3시리즈,사이드 스텝몰딩 ,교환,0.8,26400
0,320d,6800,BMW,20170630,20180518,BMW 3시리즈,루프톱씰링,교환,1.33,43890
0,320d,6800,BMW,20170630,20180518,BMW 3시리즈,크러쉬패드Ass'y(전자식종합,교환,4.33,142890
0,320d,6800,BMW,20170630,20180518,BMW 3시리즈,크러쉬로워패드,탈착,1.54,50820
0,320d,6800,BMW,20170630,20180518,BMW 3시리즈,콘솔박스(앞),탈착,0.56,18480
0,320d,6800,BMW,20170630,20180518,BMW 3시리즈,콘솔박스(뒤),탈착,0.35,11550
0,320d,6800,BMW,20170630,20180518,BMW 3시리즈,종합계기Ass'y(전자식),탈착,1.11,36630
0,320d,6800,BMW,20170630,20180518,BMW 3시리즈,시트(앞좌),탈착,0.56,18480
0,320d,6800,BMW,20170630,20180518,BMW 3시리즈,시트(앞우),탈착,0.56,18480
0,320d,6800,BMW,20170630,20180518,BMW 3시리즈,에어콘콘덴샤(오토형),교환,0.91,30030
0,320d,6800,BMW,20170630,20180518,BMW 3시리즈,에어콘파이프NO1,교환,0.7,23100
0,320d,6800,BMW,20170630,20180518,BMW 3시리즈,에어콘파이프NO2,교환,0.7,23100
0,320d,6800,BMW,20170630,20180518,BMW 3시리즈,에어콘파이프NO3,교환,0.7,23100
0,320d,6800,BMW,20170630,20180518,BMW 3시리즈,에어콘파이프NO4,탈착,0.7,23100
0,320d,6800,BMW,20170630,20180518,BMW 3시리즈,에어콘개스,교환,2.66,87780
0,320d,6800,BMW,20170630,20180518,BMW 3시리즈,에어콘휀,교환,0.56,18480
0,320d,6800,BMW,20170630,20180518,BMW 3시리즈,에어콘드라이탱크,교환,0.63,20790
0,320d,6800,BMW,20170630,20180518,BMW 3시리즈,라디에타휀,교환,0.42,13860
0,320d,6800,BMW,20170630,20180518,BMW 3시리즈,라디에타리저브탱크,교환,0.28,9240
0,320d,6800,BMW,20170630,20180518,BMW 3시리즈,엔진ASS'Y(F.R형),탈착,3.29,108570
0,320d,6800,BMW,20170630,20180518,BMW 3시리즈,엔진마운틴및브라켓(좌),탈착,0.56,18480
0,320d,6800,BMW,20170630,20180518,BMW 3시리즈,엔진마운틴및브라켓(우),교환,0.56,18480
0,320d,6800,BMW,20170630,20180518,BMW 3시리즈,엔진마운틴및브라켓(앞),교환,0.56,18480
0,320d,6800,BMW,20170630,20180518,BMW 3시리즈,엔진마운틴및브라켓(뒤),탈착,0.56,18480
0,320d,6800,BMW,20170630,20180518,BMW 3시리즈,선루프 ,탈착,2.0,66000
0,320d,6800,BMW,20170630,20180518,BMW 3시리즈,1번머플러,탈착,0.98,32340
0,320d,6800,BMW,20170630,20180518,BMW 3시리즈,2번머플러(중간),탈착,0.77,25410
0,320d,6800,BMW,20170630,20180518,BMW 3시리즈,3번머플러(뒤),탈착,0.77,25410
0,320d,6800,BMW,20170630,20180518,BMW 3시리즈,프로펠라샤후드,교환,0.63,20790
0,320d,6800,BMW,20170630,20180518,BMW 3시리즈,프론트서스팬션ASS'Y(우),교환,3.15,103950
0,320d,6800,BMW,20170630,20180518,BMW 3시리즈,"프론트쇽업쇼버(킷트교환시,",오버홀,1.05,34650
0,320d,6800,BMW,20170630,20180518,BMW 3시리즈,엔진크로스멤바,교환,0.7,23100
0,320d,6800,BMW,20170630,20180518,BMW 3시리즈,허브(앞우),오버홀,1.05,34650
0,320d,6800,BMW,20170630,20180518,BMW 3시리즈,타이어(앞우),교환,0.35,11550
0,320d,6800,BMW,20170630,20180518,BMW 3시리즈,뒤휀다(좌)(연료주입구측),판금,1.5,49500
0,320d,6800,BMW,20170630,20180518,BMW 3시리즈,"도어(뒤우,자동문)(일체힌지",오버홀,2.24,73920
0,320d,6800,BMW,20170630,20180518,BMW 3시리즈,스티어링컬럼ASS'Y,교환,1.54,50820
0,320d,6800,BMW,20170630,20180518,BMW 3시리즈,차대번호 각자 등록사업소 ,수리,1.0,33000
0,320d,6800,BMW,20170630,20180518,BMW 3시리즈,메인 배선수리 그린수가 40%청구,수리,42.7,1409100
0,320d,6800,BMW,20170630,20180518,BMW 3시리즈,"배선 신품가 3,524,580",,1.0,0
0,320d,6800,BMW,20170630,20180518,BMW 3시리즈,앞범퍼(신품)수용성,도장,100.0,290000
0,320d,6800,BMW,20170630,20180518,BMW 3시리즈,본네트(신품)수용성,도장,100.0,399000
0,320d,6800,BMW,20170630,20180518,BMW 3시리즈,앞휀다(우)(신품)수용성,도장,100.0,248000
0,320d,6800,BMW,20170630,20180518,BMW 3시리즈,앞휀다(좌)(보수)수용성,도장,100.0,307000
0,320d,6800,BMW,20170630,20180518,BMW 3시리즈,앞휠하우스(좌)(보수)수용성,도장,100.0,127000
0,320d,6800,BMW,20170630,20180518,BMW 3시리즈,앞휠하우스(우)(신품)수용성,도장,100.0,97000
0,320d,6800,BMW,20170630,20180518,BMW 3시리즈,앞사이드멤버(좌)(보수)수용성,도장,100.0,127000
0,320d,6800,BMW,20170630,20180518,BMW 3시리즈,앞사이드멤버(우)(신품)수용성,도장,100.0,97000
0,320d,6800,BMW,20170630,20180518,BMW 3시리즈,후론트필러(우)(보수)수용성,도장,100.0,254000
0,320d,6800,BMW,20170630,20180518,BMW 3시리즈,"도어(앞우)(보수,5Dr)수용성",도장,100.0,417000
0,320d,6800,BMW,20170630,20180518,BMW 3시리즈,사이드스텝패널(우)(보수)수용성,도장,100.0,254000
0,320d,6800,BMW,20170630,20180518,BMW 3시리즈,사이드 스텝몰딩 수용성,도장,,194000
0,320d,6800,BMW,20170630,20180518,BMW 3시리즈,루프패널(보수)수용성,도장,100.0,531000
0,320d,6800,BMW,20170630,20180518,BMW 3시리즈,실리콘,도장,,180000
0,320d,6800,BMW,20170630,20180518,BMW 3시리즈,"도어(뒤우)(보수,5Dr)수용성",도장,100.0,417000
0,320d,6800,BMW,20170630,20180518,BMW 3시리즈,"뒤휀다(우)(보수,5Dr)수용성",도장,100.0,380000
0,320d,6800,BMW,20170630,20180518,BMW 3시리즈,주유구 커버수용성,도장,,80000
0,기본형,11476,MASERATI,20180101,20180807,콰트로포르테,뒤범퍼,탈착,1.68,55440
0,기본형,11476,MASERATI,20180101,20180807,콰트로포르테,뒤범퍼,교환,3.92,129360
0,기본형,11476,MASERATI,20180101,20180807,콰트로포르테,주차센서 및 배선,탈착,0.8,26400
0,기본형,11476,MASERATI,20180101,20180807,콰트로포르테,"도어(뒤좌,자동문)(일체힌지",오버홀,2.24,73920
0,기본형,11476,MASERATI,20180101,20180807,콰트로포르테,"도어 (뒤좌) 신품가 2,528,500",,1.0,0
0,기본형,11476,MASERATI,20180101,20180807,콰트로포르테,도어 (뒤좌) 그린수가 50%청구,수리,38.34,1265220
0,기본형,11476,MASERATI,20180101,20180807,콰트로포르테,"뒤휀다(좌)(5도어형) 신품가 2,853,100",,1.0,0
0,기본형,11476,MASERATI,20180101,20180807,콰트로포르테,뒤휀다(좌)(5도어형) 50% 청구,수리,43.22,1426260
0,기본형,11476,MASERATI,20180101,20180807,콰트로포르테,"사이드스텝 신품가 1,281,200",,1.0,0
0,기본형,11476,MASERATI,20180101,20180807,콰트로포르테,사이드스텝 50%청구,수리,19.41,640530
0,기본형,11476,MASERATI,20180101,20180807,콰트로포르테,사이드스텝(내측)(좌),판금,3.0,99000
0,기본형,11476,MASERATI,20180101,20180807,콰트로포르테,"휠 신품가 2,173,500",,1.0,0
0,기본형,11476,MASERATI,20180101,20180807,콰트로포르테,휠 그린수가 50%청구,수리,32.9,1085700
0,기본형,46976,VOLKSWAGEN,20120615,20180824,폭스바겐 골프,뒤범퍼,탈착,1.68,55440
0,기본형,46976,VOLKSWAGEN,20120615,20180824,폭스바겐 골프,뒤범퍼,오버홀,2.24,73920
0,기본형,46976,VOLKSWAGEN,20120615,20180824,폭스바겐 골프,뒤범퍼,수리,4.5,148500
0,기본형,46976,VOLKSWAGEN,20120615,20180824,폭스바겐 골프,주차센서 및 배선,탈착,0.8,26400
0,기본형,46976,VOLKSWAGEN,20120615,20180824,폭스바겐 골프,"(우) 뒤휠 신품가 731,800",,1.0,0
0,기본형,46976,VOLKSWAGEN,20120615,20180824,폭스바겐 골프,(우) 뒤휠 그린수가 50%청구,수리,11.08,365640
0,기본형,46976,VOLKSWAGEN,20120615,20180824,폭스바겐 골프,뒤범퍼(보수),도장,100.0,388000
0,기본형,46976,VOLKSWAGEN,20120615,20180824,폭스바겐 골프,"뒤휀다(우)(신품,5Dr)",도장,100.0,380000
0,기본형,7232,HONDA,20160101,20180821,혼다 CIVIC,뒤범퍼,탈착,1.68,55440
0,기본형,7232,HONDA,20160101,20180821,혼다 CIVIC,뒤범퍼,오버홀,2.24,73920
0,기본형,7232,HONDA,20160101,20180821,혼다 CIVIC,뒤범퍼,수리,3.0,99000
0,기본형,7232,HONDA,20160101,20180821,혼다 CIVIC,뒤휀다(좌)(3도어형),판금,3.0,99000
0,기본형,7232,HONDA,20160101,20180821,혼다 CIVIC,"도어(앞좌,자동문)(일체힌지",판금,3.0,99000
0,기본형,7232,HONDA,20160101,20180821,혼다 CIVIC,"도어(앞좌,자동문)(일체힌지",오버홀,2.66,87780
0,기본형,7232,HONDA,20160101,20180821,혼다 CIVIC,도어(앞좌)(보수),도장,100.0,417000
0,기본형,7232,HONDA,20160101,20180821,혼다 CIVIC,"뒤휀다(좌)(보수,3Dr)",도장,100.0,402000
0,기본형,7232,HONDA,20160101,20180821,혼다 CIVIC,뒤범퍼(보수),도장,100.0,388000
0,기본형,100000,CHRYSLER,20170101,20180724,그랜드 체로키 짚,뒤범퍼,탈착,0.49,15140
0,기본형,100000,CHRYSLER,20170101,20180724,그랜드 체로키 짚,뒤범퍼,오버홀,0.56,17300
0,기본형,100000,CHRYSLER,20170101,20180724,그랜드 체로키 짚,뒤범퍼,수리,3.0,92700
0,기본형,100000,CHRYSLER,20170101,20180724,그랜드 체로키 짚,주차센서 및 배선,탈착,0.8,24720
0,기본형,100000,CHRYSLER,20170101,20180724,그랜드 체로키 짚,백도어,판금,7.0,216300
0,기본형,100000,CHRYSLER,20170101,20180724,그랜드 체로키 짚,백도어,오버홀,2.45,75710
0,기본형,100000,CHRYSLER,20170101,20180724,그랜드 체로키 짚,백패널,판금,1.5,46350
0,기본형,100000,CHRYSLER,20170101,20180724,그랜드 체로키 짚,뒤테일램프(좌),교환,0.35,10820
0,기본형,100000,CHRYSLER,20170101,20180724,그랜드 체로키 짚,뒤테일램프(우),탈착,0.35,10820
0,기본형,100000,CHRYSLER,20170101,20180724,그랜드 체로키 짚,뒤범퍼(보수)수용성,도장,100.0,331910
0,기본형,100000,CHRYSLER,20170101,20180724,그랜드 체로키 짚,백도어(보수)수용성,도장,100.0,381620
0,기본형,100000,CHRYSLER,20170101,20180724,그랜드 체로키 짚,백패널수용성,도장,,231240
0,기본형,62266,VOLKSWAGEN,20140215,20180823,폭스바겐 골프,뒤범퍼(단독작업),탈착,1.68,58800
0,기본형,62266,VOLKSWAGEN,20140215,20180823,폭스바겐 골프,뒤범퍼(단독작업),오버홀,2.24,78400
0,기본형,62266,VOLKSWAGEN,20140215,20180823,폭스바겐 골프,뒤범퍼(단독작업),수리,4.0,140000
0,기본형,62266,VOLKSWAGEN,20140215,20180823,폭스바겐 골프,컴비네이션램프(좌),탈착,0.35,12250
0,기본형,62266,VOLKSWAGEN,20140215,20180823,폭스바겐 골프,컴비네이션램프(우),탈착,0.35,12250
0,기본형,62266,VOLKSWAGEN,20140215,20180823,폭스바겐 골프,주차센서 및 배선,탈착,0.8,28000
0,기본형,62266,VOLKSWAGEN,20140215,20180823,폭스바겐 골프,"뒤휀다(우,5도어,연료주입구",판금,3.0,105000
0,기본형,62266,VOLKSWAGEN,20140215,20180823,폭스바겐 골프,뒤범퍼(보수),도장,100.0,452500
0,기본형,62266,VOLKSWAGEN,20140215,20180823,폭스바겐 골프,"뒤휀다(우)(보수,5Dr)",도장,100.0,455000
0,기본형,62266,VOLKSWAGEN,20140215,20180823,폭스바겐 골프,"(우) 뒤휠 신품가 862,000",,1.0,0
0,기본형,62266,VOLKSWAGEN,20140215,20180823,폭스바겐 골프,(우)뒤휠 그린수가 50% 청구,수리,12.31,430850
0,기본형,106851,VOLKSWAGEN,20140429,20180823,폭스바겐 파샤트,앞범퍼(단독작업),탈착,1.68,58800
0,기본형,106851,VOLKSWAGEN,20140429,20180823,폭스바겐 파샤트,앞범퍼(단독작업),오버홀,2.24,78400
0,기본형,106851,VOLKSWAGEN,20140429,20180823,폭스바겐 파샤트,앞범퍼(단독작업),수리,4.0,140000
0,기본형,106851,VOLKSWAGEN,20140429,20180823,폭스바겐 파샤트,주차센서 및 배선,탈착,0.8,28000
0,기본형,106851,VOLKSWAGEN,20140429,20180823,폭스바겐 파샤트,라디에터그릴,탈착,0.42,14700
0,기본형,106851,VOLKSWAGEN,20140429,20180823,폭스바겐 파샤트,헤드램프(좌),탈착,0.42,14700
0,기본형,106851,VOLKSWAGEN,20140429,20180823,폭스바겐 파샤트,헤드램프(우),탈착,0.42,14700
0,기본형,106851,VOLKSWAGEN,20140429,20180823,폭스바겐 파샤트,앞범퍼(보수),도장,100.0,452000
0,520d,16058,BMW,20180101,20180822,BMW 5시리즈,"도어(뒤우,자동문)(일체힌지",판금,2.5,87500
0,520d,16058,BMW,20180101,20180822,BMW 5시리즈,"도어(뒤우,자동문)(일체힌지",오버홀,2.24,78400
0,520d,16058,BMW,20180101,20180822,BMW 5시리즈,뒤범퍼,탈착,1.68,58800
0,520d,16058,BMW,20180101,20180822,BMW 5시리즈,뒤범퍼,오버홀,2.24,78400
0,520d,16058,BMW,20180101,20180822,BMW 5시리즈,주차센서 및 배선,탈착,0.8,28000
0,520d,16058,BMW,20180101,20180822,BMW 5시리즈,컴비네이션램프(좌),탈착,0.35,12250
0,520d,16058,BMW,20180101,20180822,BMW 5시리즈,컴비네이션램프(우),탈착,0.35,12250
0,520d,16058,BMW,20180101,20180822,BMW 5시리즈,"뒤휀다(우,5도어,연료주입구",판금,3.5,122500
0,520d,16058,BMW,20180101,20180822,BMW 5시리즈,주유구커버,탈착,0.5,17500
0,520d,16058,BMW,20180101,20180822,BMW 5시리즈,휠 (뒤우) 다이아컷팅휠,,1.0,0
0,520d,16058,BMW,20180101,20180822,BMW 5시리즈,"휠(뒤우)신품가 871,992",,1.0,0
0,520d,16058,BMW,20180101,20180822,BMW 5시리즈,"도어(뒤우)(보수,5Dr)수용성",도장,100.0,402800
0,520d,16058,BMW,20180101,20180822,BMW 5시리즈,뒤범퍼(보수)수용성,도장,100.0,362000
0,520d,16058,BMW,20180101,20180822,BMW 5시리즈,"뒤휀다(우)(보수,5Dr)수용성",도장,100.0,400400
0,520d,16058,BMW,20180101,20180822,BMW 5시리즈,뒤범퍼(보수)수용성,도장,100.0,362000
0,기본형,32905,PEUGEOT,20150729,20180828,푸조 508,"도어(앞좌,자동문)(일체힌지",교환,3.98,127360
0,기본형,32905,PEUGEOT,20150729,20180828,푸조 508,"도어(뒤좌,자동문)(일체힌지",판금,3.0,96000
0,기본형,32905,PEUGEOT,20150729,20180828,푸조 508,"도어(뒤좌,자동문)(일체힌지",오버홀,2.24,71680
0,기본형,32905,PEUGEOT,20150729,20180828,푸조 508,앞휀다(좌),판금,3.0,96000
0,기본형,32905,PEUGEOT,20150729,20180828,푸조 508,사이드스탭(외측)(좌),판금,3.0,96000
0,기본형,32905,PEUGEOT,20150729,20180828,푸조 508,앞범퍼(단독작업),탈착,1.68,53760
0,기본형,32905,PEUGEOT,20150729,20180828,푸조 508,헤드램프(좌),탈착,0.42,13440
0,기본형,32905,PEUGEOT,20150729,20180828,푸조 508,헤드램프(우),탈착,0.42,13440
0,기본형,32905,PEUGEOT,20150729,20180828,푸조 508,"앞휀다 (좌) 신품가 227,300",,1.0,0
0,기본형,32905,PEUGEOT,20150729,20180828,푸조 508,앞휀다 (좌) 그린수가 50%청구,수리,3.55,113600
0,기본형,32905,PEUGEOT,20150729,20180828,푸조 508,"도어(앞좌)(신품,4Dr)",도장,100.0,380000
0,기본형,32905,PEUGEOT,20150729,20180828,푸조 508,"도어(뒤좌)(보수,5Dr)",도장,100.0,380000
0,기본형,32905,PEUGEOT,20150729,20180828,푸조 508,앞휀다(좌)(보수),도장,100.0,380000
0,기본형,32905,PEUGEOT,20150729,20180828,푸조 508,사이드스텝(좌)(보수),도장,100.0,380000
0,기본형,32905,PEUGEOT,20150729,20180828,푸조 508,견인비,,1.0,0
0,320d,29148,BMW,20160101,20180828,BMW 3시리즈,앞범퍼,교환,3.92,125440
0,320d,29148,BMW,20160101,20180828,BMW 3시리즈,라디에터그릴,교환,0.42,13440
0,320d,29148,BMW,20160101,20180828,BMW 3시리즈,라디에터그릴브라켓,교환,0.14,4480
0,320d,29148,BMW,20160101,20180828,BMW 3시리즈,주차센서 및 배선,탈착,0.8,25600
0,320d,29148,BMW,20160101,20180828,BMW 3시리즈,본네트,판금,3.0,96000
0,320d,29148,BMW,20160101,20180828,BMW 3시리즈,헤드램프(우),교환,0.42,13440
0,320d,29148,BMW,20160101,20180828,BMW 3시리즈,헤드램프(좌),탈착,0.42,13440
0,320d,29148,BMW,20160101,20180828,BMW 3시리즈,시그날램프(좌),탈착,0.21,6720
0,320d,29148,BMW,20160101,20180828,BMW 3시리즈,시그날램프(우),탈착,0.21,6720
0,320d,29148,BMW,20160101,20180828,BMW 3시리즈,앞휀다(좌),판금,3.0,96000
0,320d,29148,BMW,20160101,20180828,BMW 3시리즈,앞휀다(우),판금,3.0,96000
0,320d,29148,BMW,20160101,20180828,BMW 3시리즈,뒤범퍼(단독작업),교환,3.92,125440
0,320d,29148,BMW,20160101,20180828,BMW 3시리즈,주차센서 및 배선,탈착,0.8,25600
0,320d,29148,BMW,20160101,20180828,BMW 3시리즈,번호등,탈착,0.0,0
0,320d,29148,BMW,20160101,20180828,BMW 3시리즈,컴비네이션램프(좌),탈착,0.35,11200
0,320d,29148,BMW,20160101,20180828,BMW 3시리즈,컴비네이션램프(우),탈착,0.35,11200
0,320d,29148,BMW,20160101,20180828,BMW 3시리즈,뒤휀다(좌)(5도어형),판금,3.0,96000
0,320d,29148,BMW,20160101,20180828,BMW 3시리즈,백도어,오버홀,1.33,42560
0,320d,29148,BMW,20160101,20180828,BMW 3시리즈,"뒤휀다(우,5도어,연료주입구",판금,3.0,96000
0,320d,29148,BMW,20160101,20180828,BMW 3시리즈,백도어,판금,3.0,96000
0,320d,29148,BMW,20160101,20180828,BMW 3시리즈,앞패널,판금,3.0,96000
0,320d,29148,BMW,20160101,20180828,BMW 3시리즈,앞패널(보수),도장,100.0,380000
0,320d,29148,BMW,20160101,20180828,BMW 3시리즈,앞범퍼(신품),도장,100.0,380000
0,320d,29148,BMW,20160101,20180828,BMW 3시리즈,앞휀다(좌)(보수),도장,100.0,380000
0,320d,29148,BMW,20160101,20180828,BMW 3시리즈,앞휀다(우)(보수),도장,100.0,380000
0,320d,29148,BMW,20160101,20180828,BMW 3시리즈,"백도어(보수,5Dr)",도장,100.0,450000
0,320d,29148,BMW,20160101,20180828,BMW 3시리즈,뒤범퍼(신품),도장,100.0,380000
0,320d,29148,BMW,20160101,20180828,BMW 3시리즈,"뒤휀다(좌)(보수,5Dr)",도장,100.0,380000
0,320d,29148,BMW,20160101,20180828,BMW 3시리즈,"뒤휀다(우)(보수,5Dr)",도장,100.0,380000
0,M37,13958,NISSAN,20180525,20180806,닛산 인피니티,앞범퍼,탈착,1.68,51910
0,M37,13958,NISSAN,20180525,20180806,닛산 인피니티,앞범퍼,오버홀,2.24,69220
0,M37,13958,NISSAN,20180525,20180806,닛산 인피니티,앞범퍼 그린수가 50% 청구,수리,8.3,256470
0,M37,13958,NISSAN,20180525,20180806,닛산 인피니티,"앞범퍼 신품가 513,000",,1.0,0
0,M37,13958,NISSAN,20180525,20180806,닛산 인피니티,헤드램프(좌),탈착,0.42,12980
0,M37,13958,NISSAN,20180525,20180806,닛산 인피니티,헤드램프(우),탈착,0.42,12980
0,M37,13958,NISSAN,20180525,20180806,닛산 인피니티,"헤드램프(우) 신품가 1,224,000",,1.0,0
0,M37,13958,NISSAN,20180525,20180806,닛산 인피니티,헤드램프(우) 그린수가 50% 청구,수리,19.48,601930
0,M37,13958,NISSAN,20180525,20180806,닛산 인피니티,본네트,판금,3.0,92700
0,M37,13958,NISSAN,20180525,20180806,닛산 인피니티,앞휀다(우) 그린수가 50%청구,수리,9.02,278720
0,M37,13958,NISSAN,20180525,20180806,닛산 인피니티,"앞휀다 신품가 557,900",,1.0,0
0,M37,13958,NISSAN,20180525,20180806,닛산 인피니티,라디에터그릴,탈착,0.42,12980
0,M37,13958,NISSAN,20180525,20180806,닛산 인피니티,앞패널,판금,3.0,92700
0,M37,13958,NISSAN,20180525,20180806,닛산 인피니티,앞범퍼(보수),도장,100.0,331910
0,M37,13958,NISSAN,20180525,20180806,닛산 인피니티,본네트(보수),도장,100.0,427950
0,M37,13958,NISSAN,20180525,20180806,닛산 인피니티,앞패널(보수),도장,100.0,231240
0,M37,13958,NISSAN,20180525,20180806,닛산 인피니티,앞휀다(우)(보수),도장,100.0,304420
0,Q50S,8981,NISSAN,20171031,20180808,닛산 인피니티,앞범퍼,탈착,1.68,51910
0,Q50S,8981,NISSAN,20171031,20180808,닛산 인피니티,앞범퍼,오버홀,2.24,69220
0,Q50S,8981,NISSAN,20171031,20180808,닛산 인피니티,앞범퍼,수리,3.0,92700
0,Q50S,8981,NISSAN,20171031,20180808,닛산 인피니티,주차센서 및 배선,탈착,0.8,24720
0,Q50S,8981,NISSAN,20171031,20180808,닛산 인피니티,라디에터그릴,탈착,0.42,12980
0,Q50S,8981,NISSAN,20171031,20180808,닛산 인피니티,헤드램프(좌),탈착,0.42,12980
0,Q50S,8981,NISSAN,20171031,20180808,닛산 인피니티,헤드램프(우),탈착,0.42,12980
0,Q50S,8981,NISSAN,20171031,20180808,닛산 인피니티,포그램프(좌),탈착,0.35,10820
0,Q50S,8981,NISSAN,20171031,20180808,닛산 인피니티,포그램프(우),탈착,0.35,10820
0,Q50S,8981,NISSAN,20171031,20180808,닛산 인피니티,"앞휀다(우) 신품가 232,400",,1.0,0
0,Q50S,8981,NISSAN,20171031,20180808,닛산 인피니티,앞휀다(우) 그린수가 50% 청구,수리,3.76,116180
0,Q50S,8981,NISSAN,20171031,20180808,닛산 인피니티,"도어(앞우,자동문)(일체힌지",오버홀,2.66,82190
0,Q50S,8981,NISSAN,20171031,20180808,닛산 인피니티,"도어 (앞우) 신품가 853,100",,1.0,0
0,Q50S,8981,NISSAN,20171031,20180808,닛산 인피니티,도어(앞우) 그린수가 50% 청구,수리,13.8,426420
0,Q50S,8981,NISSAN,20171031,20180808,닛산 인피니티,A필라(우),판금,4.0,123600
0,Q50S,8981,NISSAN,20171031,20180808,닛산 인피니티,앞범퍼(보수),도장,100.0,331910
0,Q50S,8981,NISSAN,20171031,20180808,닛산 인피니티,앞휀다(우)(보수),도장,100.0,304420
0,Q50S,8981,NISSAN,20171031,20180808,닛산 인피니티,"도어(앞우)(보수,5Dr)",도장,100.0,369270
0,Q50S,8981,NISSAN,20171031,20180808,닛산 인피니티,A필러(우)(보수),도장,100.0,231240
0,기본형,50023,VOLKSWAGEN,20150101,20180730,폭스바겐 티구안,앞범퍼,교환,3.01,105350
0,기본형,50023,VOLKSWAGEN,20150101,20180730,폭스바겐 티구안,헤드램프(우),교환,0.42,14700
0,기본형,50023,VOLKSWAGEN,20150101,20180730,폭스바겐 티구안,앞휀다(우),판금,8.0,280000
0,기본형,50023,VOLKSWAGEN,20150101,20180730,폭스바겐 티구안,본네트,판금,9.0,315000
0,기본형,50023,VOLKSWAGEN,20150101,20180730,폭스바겐 티구안,라디에터그릴,교환,0.42,14700
0,기본형,50023,VOLKSWAGEN,20150101,20180730,폭스바겐 티구안,포그램프(우),교환,0.0,0
0,기본형,50023,VOLKSWAGEN,20150101,20180730,폭스바겐 티구안,앞범퍼(신품),도장,100.0,400000
0,LTZ (2.0),33392,한국GM,20160927,20180808,말리부,후론트 범퍼 커버,교환,1.74,43500
0,LTZ (2.0),33392,한국GM,20160927,20180808,말리부,주차센서 및 배선,탈착,0.8,20000
0,LTZ (2.0),33392,한국GM,20160927,20180808,말리부,포그램프(우),교환,0.0,0
0,LTZ (2.0),33392,한국GM,20160927,20180808,말리부,사이드스텝패널Ass'y(우),교환,5.17,129250
0,LTZ (2.0),33392,한국GM,20160927,20180808,말리부,후론트 범퍼 커버교환,도장,2.79,69750
0,LTZ (2.0),33392,한국GM,20160927,20180808,말리부,사이드스텝패널Ass'y(우)교환,도장,1.69,42250
0,LTZ (2.0),33392,한국GM,20160927,20180808,말리부,수용성 25% 추가청구,도장,,62169
0,LTZ (2.0),33392,한국GM,20160927,20180808,말리부,공통시간작업,도장,1.7,42500
0,LTZ (2.0),33392,한국GM,20160927,20180808,말리부,가열건조비,도장,0.0,17278
